employee_id,employee_name,department,date,hours_worked
E001,Aarav Shah,IT,2026-01-06,8.0
E001,Aarav Shah,IT,2026-01-07,9.5
E001,Aarav Shah,IT,2026-01-08,8.0
E001,Aarav Shah,IT,2026-01-09,10.0
E001,Aarav Shah,IT,2026-01-10,7.5
E002,Priya Mehta,HR,2026-01-06,8.0
E002,Priya Mehta,HR,2026-01-07,8.0
E002,Priya Mehta,HR,2026-01-08,6.0
E002,Priya Mehta,HR,2026-01-09,8.5
E002,Priya Mehta,HR,2026-01-10,8.0
E003,Rohan Patel,Finance,2026-01-06,9.0
E003,Rohan Patel,Finance,2026-01-07,11.0
E003,Rohan Patel,Finance,2026-01-08,10.5
E003,Rohan Patel,Finance,2026-01-09,8.0
E003,Rohan Patel,Finance,2026-01-10,12.0
E004,Neha Desai,IT,2026-01-06,7.0
E004,Neha Desai,IT,2026-01-07,8.0
E004,Neha Desai,IT,2026-01-08,8.0
E004,Neha Desai,IT,2026-01-09,8.0
E004,Neha Desai,IT,2026-01-10,9.0
E001,Aarav Shah,IT,2026-01-13,8.0
E001,Aarav Shah,IT,2026-01-14,8.5
E002,Priya Mehta,HR,2026-01-13,8.0
E002,Priya Mehta,HR,2026-01-14,7.0
E003,Rohan Patel,Finance,2026-01-13,10.0
E003,Rohan Patel,Finance,2026-01-14,9.5
E004,Neha Desai,IT,2026-01-13,8.0
E004,Neha Desai,IT,2026-01-14,8.0
A005,savanpatel,CSE,2026-10-07,12.0
